{
    "faces":[32,18,7,4,0,0,0,32,4,20,19,1,1,1,32,4,19,18,2,2,2,33,2,0,5,4,3,3,3,3,33,0,1,6,5,4,4,4,4,33,7,6,1,3,3,3,3,3,33,4,7,3,2,4,4,4,4,33,12,22,29,32,5,5,5,5,32,9,5,6,6,6,6,32,6,10,13,7,7,7,32,6,13,9,7,7,7,32,10,6,7,8,8,8,32,7,18,17,8,8,8,32,7,17,10,8,8,8,32,20,4,5,9,9,9,32,5,9,21,10,10,10,32,5,21,20,10,10,10,33,15,8,31,30,11,11,11,11,33,9,13,16,21,12,12,12,12,33,13,10,17,16,12,12,12,12,33,11,14,17,18,13,13,13,13,33,8,15,19,20,14,14,14,14,33,12,8,20,21,15,15,15,15,33,15,11,18,19,14,14,14,14,33,22,12,21,16,16,16,16,16,33,14,22,16,17,16,16,16,16,33,29,25,26,30,17,17,17,17,33,27,28,36,35,18,18,18,18,33,8,12,32,31,19,19,19,19,33,14,11,26,25,8,8,8,8,33,22,14,25,29,20,20,20,20,33,11,15,30,26,11,11,11,11,33,24,23,29,30,21,21,21,21,33,27,24,30,31,14,14,14,14,33,28,27,31,32,22,22,22,22,33,23,28,32,29,21,21,21,21,33,35,36,44,43,19,19,19,19,33,23,24,34,33,23,23,23,23,33,28,23,33,36,24,24,24,24,33,24,27,35,34,25,25,25,25,33,39,40,48,47,26,26,26,26,33,33,34,42,41,8,8,8,8,33,36,33,41,44,27,27,27,27,33,34,35,43,42,28,28,28,28,33,38,37,41,42,21,21,21,21,33,39,38,42,43,14,14,14,14,33,40,39,43,44,22,22,22,22,33,37,40,44,41,21,21,21,21,33,48,45,46,47,14,14,14,14,33,37,38,46,45,8,8,8,8,33,40,37,45,48,29,29,29,29,33,38,39,47,46,11,11,11,11],
    "normals":[0,0,-1,-0,-0,-1,-0,0,-1,0,1,-4.37114e-08,0,1,-4.37114e-08,1.15067e-08,5.59293e-08,1,0,-0,1,-0,0,1,1,0,0,-1,0,-0,-1,0,0,0,-0,-1,0,1,-4.13752e-08,1.88435e-14,1,-4.60267e-08,0,1,-0,-1.88435e-14,1,-4.60267e-08,0,1,0,0,1,-0,-0.896852,0.44233,0,-1,-0,0,-1.15067e-08,5.59293e-08,1,0,1,0,-0,1,0,0.896852,0.44233,0,0,0.389773,0.920911,0,0.389773,-0.920911,-1,0,-2.71893e-07,0,9.6492e-08,1,0,-9.6492e-08,-1,0,0,1],
    "vertices":[-0.2,8.74228e-09,0.2,0.2,8.74228e-09,0.2,-0.2,-8.74228e-09,-0.2,0.2,-8.74228e-09,-0.2,-0.180074,-7.87127e-09,-0.180074,-0.180074,7.87127e-09,0.180074,0.180074,7.87127e-09,0.180074,0.180074,-7.87127e-09,-0.180074,-0.161875,0.0899616,-0.161875,-0.180074,0.0899616,0.180074,0.180074,0.0899616,0.180074,0.161875,0.0899616,-0.161875,-0.161875,0.0899616,-0.0181986,0,0.0899616,0.180074,0.161875,0.0899616,-0.0181986,0,0.0899616,-0.161875,0,0.0899616,-3.93235e-09,0.180074,0.0899616,-3.93235e-09,0.180074,0.0899616,-0.180074,0,0.0899616,-0.180074,-0.180074,0.0899616,-0.180074,-0.180074,0.0899616,-3.93235e-09,0,0.0899616,-0.0181987,-0.0167854,0.156569,-0.0349841,-0.0167854,0.156569,-0.14509,0.161875,0.156569,-0.0181987,0.161875,0.156569,-0.161875,-0.14509,0.156569,-0.14509,-0.14509,0.156569,-0.0349841,0,0.156569,-0.0181987,0,0.156569,-0.161875,-0.161875,0.156569,-0.161875,-0.161875,0.156569,-0.0181987,-0.0497135,0.223333,-0.0632416,-0.0497135,0.223333,-0.116832,-0.112162,0.223333,-0.116832,-0.112162,0.223333,-0.0632416,-0.0628074,0.300547,-0.0763356,-0.0628074,0.300547,-0.103738,-0.0990677,0.300547,-0.103738,-0.0990677,0.300547,-0.0763356,-0.0497135,0.300547,-0.0632417,-0.0497135,0.300547,-0.116832,-0.112162,0.300547,-0.116832,-0.112162,0.300547,-0.0632417,-0.0628074,0.345047,-0.0763356,-0.0628074,0.345047,-0.103738,-0.0990677,0.345047,-0.103738,-0.0990677,0.345047,-0.0763356],
    "uvs":[],
    "metadata":{
        "type":"Geometry",
        "normals":30,
        "faces":52,
        "generator":"io_three",
        "version":3,
        "vertices":49,
        "uvs":0
    }
}