{
    "data":{
        "attributes":{
            "position":{
                "itemSize":3,
                "type":"Float32Array",
                "array":[-0.180074,-7.87127e-09,-0.180074,-0.180074,0.0899616,-0.180074,0,0.0899616,-0.180074,-0.180074,-7.87127e-09,-0.180074,-0.2,8.74228e-09,0.2,-0.180074,7.87127e-09,0.180074,-0.180074,7.87127e-09,0.180074,0.2,8.74228e-09,0.2,0.180074,7.87127e-09,0.180074,0.180074,7.87127e-09,0.180074,0.2,-8.74228e-09,-0.2,0.180074,-7.87127e-09,-0.180074,0.180074,-7.87127e-09,-0.180074,-0.2,-8.74228e-09,-0.2,-0.180074,-7.87127e-09,-0.180074,0,0.0899616,-0.0181987,-0.161875,0.156569,-0.0181987,-0.161875,0.0899616,-0.0181986,0.180074,7.87127e-09,0.180074,0.180074,0.0899616,0.180074,0,0.0899616,0.180074,0.180074,-7.87127e-09,-0.180074,0.180074,0.0899616,-0.180074,0.180074,0.0899616,-3.93235e-09,-0.180074,7.87127e-09,0.180074,-0.180074,0.0899616,0.180074,-0.180074,0.0899616,-3.93235e-09,-0.161875,0.0899616,-0.161875,0,0.156569,-0.161875,0,0.0899616,-0.161875,0,0.0899616,0.180074,-0.180074,0.0899616,-3.93235e-09,-0.180074,0.0899616,0.180074,0.180074,0.0899616,0.180074,0,0.0899616,-3.93235e-09,0.161875,0.0899616,-0.0181986,0.180074,0.0899616,-0.180074,0.161875,0.0899616,-0.161875,-0.161875,0.0899616,-0.161875,0,0.0899616,-0.180074,-0.180074,0.0899616,-0.180074,-0.161875,0.0899616,-0.161875,-0.180074,0.0899616,-3.93235e-09,-0.161875,0.0899616,-0.0181986,0.161875,0.0899616,-0.161875,0,0.0899616,-0.161875,-0.161875,0.0899616,-0.0181986,0,0.0899616,-3.93235e-09,0,0.0899616,-0.0181987,0.161875,0.0899616,-0.0181986,0,0.0899616,-3.93235e-09,0.180074,0.0899616,-3.93235e-09,0.161875,0.156569,-0.0181987,0,0.156569,-0.161875,0,0.156569,-0.0181987,-0.161875,0.156569,-0.161875,-0.161875,0.156569,-0.0181987,-0.161875,0.0899616,-0.0181986,-0.161875,0.156569,-0.161875,-0.161875,0.0899616,-0.161875,0.161875,0.0899616,-0.161875,0.161875,0.156569,-0.0181987,0.161875,0.0899616,-0.0181986,0.161875,0.0899616,-0.0181986,0,0.156569,-0.0181987,0,0.0899616,-0.0181987,0.161875,0.156569,-0.161875,0.161875,0.0899616,-0.161875,0.180074,0.0899616,-0.180074,0.180074,-7.87127e-09,-0.180074,-0.180074,-7.87127e-09,-0.180074,-0.2,-8.74228e-09,-0.2,-0.2,8.74228e-09,0.2,-0.180074,7.87127e-09,0.180074,-0.2,8.74228e-09,0.2,0.2,8.74228e-09,0.2,0.180074,7.87127e-09,0.180074,0.2,8.74228e-09,0.2,0.2,-8.74228e-09,-0.2,0.180074,-7.87127e-09,-0.180074,0.2,-8.74228e-09,-0.2,-0.2,-8.74228e-09,-0.2,0,0.156569,-0.0181987,-0.180074,0.0899616,0.180074,-0.180074,7.87127e-09,0.180074,0.180074,0.0899616,0.180074,0.180074,7.87127e-09,0.180074,-0.180074,0.0899616,-0.180074,-0.180074,-7.87127e-09,-0.180074,-0.161875,0.156569,-0.161875,0.180074,0.0899616,-3.93235e-09,0.161875,0.0899616,-0.0181986,0.180074,0.0899616,-3.93235e-09,0.180074,0.0899616,-0.180074,-0.161875,0.0899616,-0.161875,-0.180074,0.0899616,-0.180074,-0.180074,0.0899616,-3.93235e-09,0.180074,0.0899616,-0.180074,-0.161875,0.0899616,-0.0181986,-0.180074,0.0899616,-3.93235e-09,0.161875,0.0899616,-0.0181986,0.161875,0.156569,-0.161875,-0.161875,0.156569,-0.0181987,0.161875,0.156569,-0.161875,0.161875,0.0899616,-0.0181986,0.161875,0.156569,-0.0181987,0,0.156569,-0.0181987]
            },
            "normal":{
                "itemSize":3,
                "type":"Float32Array",
                "array":[-0,-0,-1,-0,-0,-1,-0,-0,-1,-7.73524e-15,1,-4.37114e-08,-7.73524e-15,1,-4.37114e-08,-7.73524e-15,1,-4.37114e-08,0,1,-4.37114e-08,0,1,-4.37114e-08,0,1,-4.37114e-08,-7.73524e-15,1,-4.37114e-08,-7.73524e-15,1,-4.37114e-08,-7.73524e-15,1,-4.37114e-08,0,1,-4.37114e-08,0,1,-4.37114e-08,0,1,-4.37114e-08,1.15067e-08,5.59293e-08,1,1.15067e-08,5.59293e-08,1,1.15067e-08,5.59293e-08,1,-0,0,1,-0,0,1,-0,0,1,1,0,0,1,0,0,1,0,0,-1,0,0,-1,0,0,-1,0,0,-0,0,-1,-0,0,-1,-0,0,-1,0,1,-4.13752e-08,0,1,-4.13752e-08,0,1,-4.13752e-08,0,1,-4.13752e-08,0,1,-4.13752e-08,-5.18567e-08,1,-5.18567e-08,-5.18567e-08,1,-5.18567e-08,-5.18567e-08,1,-5.18567e-08,0,1,-0,0,1,-0,0,1,-0,-5.18567e-08,1,-5.18567e-08,-5.18567e-08,1,-5.18567e-08,-5.18567e-08,1,-5.18567e-08,-0,1,0,-0,1,0,0,1,-0,0,1,-0,0,1,-0,0,1,0,0,1,0,0,1,0,-0,1,0,-0,1,0,-0,1,0,-0,1,0,-0,1,0,-1,0,0,-1,0,0,-1,0,0,1,0,0,1,0,0,1,0,0,-1.15067e-08,5.59293e-08,1,-1.15067e-08,5.59293e-08,1,-1.15067e-08,5.59293e-08,1,-0,0,-1,-0,0,-1,0,0,-1,0,0,-1,6.96457e-15,1,-4.37114e-08,6.96457e-15,1,-4.37114e-08,6.96457e-15,1,-4.37114e-08,0,1,-4.37114e-08,0,1,-4.37114e-08,0,1,-4.37114e-08,6.96457e-15,1,-4.37114e-08,6.96457e-15,1,-4.37114e-08,6.96457e-15,1,-4.37114e-08,0,1,-4.37114e-08,0,1,-4.37114e-08,0,1,-4.37114e-08,1.15067e-08,5.59293e-08,1,0,-0,1,0,-0,1,1,0,-0,1,0,-0,-1,0,-0,-1,0,-0,-0,-0,-1,0,1,-4.13752e-08,4.13752e-08,1,-4.13752e-08,4.13752e-08,1,-4.13752e-08,4.13752e-08,1,-4.13752e-08,4.13752e-08,1,-4.13752e-08,4.13752e-08,1,-4.13752e-08,4.13752e-08,1,-4.13752e-08,0,1,-0,0,1,0,0,1,0,-0,1,0,0,1,0,-1,0,0,1,0,0,-1.15067e-08,5.59293e-08,1,-1.15067e-08,5.59293e-08,1,-1.15067e-08,5.59293e-08,1]
            }
        },
        "index":{
            "itemSize":1,
            "type":"Uint16Array",
            "array":[0,1,2,3,4,5,6,7,8,9,10,11,12,13,14,15,16,17,18,19,20,21,22,23,24,25,26,27,28,29,30,31,32,33,34,30,35,36,37,38,39,40,41,42,43,44,39,45,46,47,48,49,50,51,52,53,54,54,55,56,57,58,59,60,61,62,63,64,65,29,66,67,68,69,2,69,0,2,70,71,72,73,74,75,76,77,78,79,80,81,15,82,16,83,84,20,84,18,20,85,86,23,86,21,23,87,88,26,88,24,26,27,89,28,30,34,31,33,90,34,91,92,93,38,45,39,94,95,96,44,97,39,98,99,50,100,48,47,52,101,53,54,53,55,57,102,58,60,103,61,104,105,106,29,28,66]
        },
        "groups":[{
            "materialIndex":0,
            "count":156,
            "start":0
        }]
    },
    "metadata":{
        "type":"BufferGeometry",
        "version":3,
        "position":107,
        "normal":107,
        "generator":"io_three"
    }
}