{
    "metadata":{
        "type":"Geometry",
        "generator":"io_three",
        "vertices":27,
        "version":3,
        "faces":21,
        "uvs":1,
        "normals":17
    },
    "faces":[41,3,0,5,4,0,0,0,0,0,0,0,0,41,7,4,5,6,0,0,0,0,1,1,1,1,41,0,1,6,5,0,0,0,0,2,2,2,2,41,1,2,7,6,1,2,3,4,3,3,3,3,41,17,18,8,10,0,0,0,0,4,4,4,4,40,9,15,14,0,0,0,5,5,5,40,9,13,12,0,0,0,6,6,6,40,9,12,15,0,0,0,7,7,7,40,9,14,13,0,0,0,8,8,8,41,10,8,23,22,0,0,0,0,2,2,2,2,41,18,24,23,8,0,0,0,0,9,9,9,9,41,21,17,10,22,0,0,0,0,10,10,10,10,41,12,13,17,21,0,0,0,0,10,10,10,10,41,14,15,24,18,0,0,0,0,9,9,9,9,41,15,12,21,24,0,0,0,0,11,11,11,11,41,13,14,18,17,0,0,0,0,12,12,12,12,41,11,20,21,22,0,0,0,0,13,13,13,13,41,16,11,22,23,0,0,0,0,1,1,1,1,41,19,16,23,24,0,0,0,0,14,14,14,14,41,20,19,24,21,0,0,0,0,15,15,15,15,41,19,20,25,26,0,0,0,0,16,16,16,16],
    "vertices":[-0.0154124,2.28468,-0.0524556,0.0154124,2.28468,-0.0524556,0.0154124,1.19002,-0.0524556,-0.0154124,1.19002,-0.0524556,-0.0154124,1.19002,-2.06009,-0.0154124,2.28468,-2.06009,0.0154124,2.28468,-2.06009,0.0154124,1.19002,-2.06009,0.0524555,2.32172,0.0524554,0,0.032964,-1.4409e-09,-0.0524555,2.32172,0.0524554,-0.0154124,2.28468,-0.0524556,-0.0524555,0.157623,-0.0524555,-0.0524555,0.157623,0.0524555,0.0524555,0.157623,0.0524555,0.0524555,0.157623,-0.0524555,0.0154124,2.28468,-0.0524556,-0.0524555,1.15298,0.0524555,0.0524555,1.15298,0.0524555,0.0154124,1.19002,-0.0524556,-0.0154124,1.19002,-0.0524556,-0.0524555,1.15298,-0.0524556,-0.0524555,2.32172,-0.0524556,0.0524555,2.32172,-0.0524556,0.0524555,1.15298,-0.0524556,-0.0154124,1.19002,-2.06009,0.0154124,1.19002,-2.06009],
    "uvs":[[0,0,0.0816423,1.09691,0.0785181,-0.0937838,0.918358,-0.0969081,0.921482,1.09378]],
    "normals":[-1,0,0,0,-0,-1,0,1,-0,1,6.80631e-09,-2.02073e-16,0,4.14366e-08,1,0.921722,-0.387852,0,-0.921722,-0.387852,0,-0,-0.387852,-0.921722,0,-0.387852,0.921722,1,0,0,-1,-0,0,0,-4.49121e-08,-1,0,4.49121e-08,1,0,-4.27929e-08,-1,0,-4.27929e-08,-1,0,0,-1,0,-1,5.93781e-08]
}