{
    "metadata":{
        "type":"Geometry",
        "generator":"io_three",
        "vertices":21,
        "version":3,
        "faces":21,
        "uvs":0,
        "normals":18
    },
    "faces":[33,0,2,9,10,0,0,0,0,33,12,3,18,17,1,1,1,1,32,1,7,6,2,2,2,32,1,5,4,3,3,3,32,1,4,7,4,4,4,32,1,6,5,5,5,5,33,2,0,15,14,6,6,6,6,33,15,0,10,16,7,7,7,7,33,13,9,2,14,8,8,8,8,33,4,5,9,13,8,8,8,8,33,6,7,16,10,9,9,9,9,33,7,4,13,16,10,10,10,10,33,5,6,10,9,11,11,11,11,33,3,12,13,14,12,12,12,12,33,8,3,14,15,13,13,13,13,33,11,8,15,16,14,14,14,14,33,12,11,16,13,15,15,15,15,33,20,17,18,19,13,13,13,13,33,11,12,17,20,16,16,16,16,33,3,8,19,18,6,6,6,6,33,8,11,20,19,17,17,17,17],
    "vertices":[0.0524555,2.32172,0.0524554,0,0.032964,-1.4409e-09,-0.0524555,2.32172,0.0524554,-0.0154124,2.28468,-0.0524556,-0.0524555,0.157623,-0.0524555,-0.0524555,0.157623,0.0524555,0.0524555,0.157623,0.0524555,0.0524555,0.157623,-0.0524555,0.0154124,2.28468,-0.0524556,-0.0524555,1.15298,0.0524555,0.0524555,1.15298,0.0524555,0.0154124,1.19002,-0.0524556,-0.0154124,1.19002,-0.0524556,-0.0524555,1.15298,-0.0524556,-0.0524555,2.32172,-0.0524556,0.0524555,2.32172,-0.0524556,0.0524555,1.15298,-0.0524556,-0.0154124,1.19002,-2.06009,-0.0154124,2.28468,-2.06009,0.0154124,2.28468,-2.06009,0.0154124,1.19002,-2.06009],
    "uvs":[],
    "normals":[0,4.14366e-08,1,-1,0,0,0.921722,-0.387852,0,-0.921722,-0.387852,0,-0,-0.387852,-0.921722,0,-0.387852,0.921722,0,1,-0,1,-0,0,-1,-0,0,1,0,0,0,-4.49121e-08,-1,0,4.49121e-08,1,0,-4.27929e-08,-1,0,-0,-1,0,-4.27929e-08,-1,0,0,-1,0,-1,5.93781e-08,1,6.80631e-09,-2.02073e-16]
}