{
    "materials":[{
        "colorDiffuse":[0.64,0.64,0.64],
        "doubleSided":false,
        "blending":1,
        "opacity":1,
        "transparent":false,
        "DbgColor":15658734,
        "DbgIndex":0,
        "visible":true,
        "colorEmissive":[0,0,0],
        "depthWrite":true,
        "depthTest":true,
        "mapDiffuse":"for_sale.png",
        "mapDiffuseRepeat":[1,1],
        "colorSpecular":[0.5,0.5,0.5],
        "specularCoef":141,
        "wireframe":false,
        "shading":"phong",
        "DbgName":"For_Sale",
        "mapDiffuseWrap":["clamp","clamp"],
        "mapDiffuseAnisotropy":1
    },{
        "colorDiffuse":[0.64,0.140939,0.0141235],
        "doubleSided":false,
        "blending":1,
        "opacity":1,
        "transparent":false,
        "DbgColor":15597568,
        "DbgIndex":1,
        "visible":true,
        "colorEmissive":[0,0,0],
        "depthWrite":true,
        "depthTest":true,
        "colorSpecular":[0.5,0.5,0.5],
        "specularCoef":50,
        "wireframe":false,
        "shading":"phong",
        "DbgName":"Post"
    }],
    "vertices":[-0.0154124,2.28468,-0.0524556,0.0154124,2.28468,-0.0524556,0.0154124,1.19002,-0.0524556,-0.0154124,1.19002,-0.0524556,-0.0154124,1.19002,-2.06009,-0.0154124,2.28468,-2.06009,0.0154124,2.28468,-2.06009,0.0154124,1.19002,-2.06009,0.0524555,2.32172,0.0524554,0,0.032964,-1.4409e-09,-0.0524555,2.32172,0.0524554,-0.0154124,2.28468,-0.0524556,-0.0524555,0.157623,-0.0524555,-0.0524555,0.157623,0.0524555,0.0524555,0.157623,0.0524555,0.0524555,0.157623,-0.0524555,0.0154124,2.28468,-0.0524556,-0.0524555,1.15298,0.0524555,0.0524555,1.15298,0.0524555,0.0154124,1.19002,-0.0524556,-0.0154124,1.19002,-0.0524556,-0.0524555,1.15298,-0.0524556,-0.0524555,2.32172,-0.0524556,0.0524555,2.32172,-0.0524556,0.0524555,1.15298,-0.0524556,-0.0154124,1.19002,-2.06009,0.0154124,1.19002,-2.06009],
    "metadata":{
        "type":"Geometry",
        "vertices":27,
        "version":3,
        "materials":2,
        "faces":21,
        "uvs":1,
        "normals":17,
        "generator":"io_three"
    },
    "faces":[43,3,0,5,4,0,0,0,0,0,0,0,0,0,43,7,4,5,6,0,0,0,0,0,1,1,1,1,43,0,1,6,5,0,0,0,0,0,2,2,2,2,43,1,2,7,6,0,1,2,3,4,3,3,3,3,43,17,18,8,10,1,0,0,0,0,4,4,4,4,42,9,15,14,1,0,0,0,5,5,5,42,9,13,12,1,0,0,0,6,6,6,42,9,12,15,1,0,0,0,7,7,7,42,9,14,13,1,0,0,0,8,8,8,43,10,8,23,22,1,0,0,0,0,2,2,2,2,43,18,24,23,8,1,0,0,0,0,9,9,9,9,43,21,17,10,22,1,0,0,0,0,10,10,10,10,43,12,13,17,21,1,0,0,0,0,10,10,10,10,43,14,15,24,18,1,0,0,0,0,9,9,9,9,43,15,12,21,24,1,0,0,0,0,11,11,11,11,43,13,14,18,17,1,0,0,0,0,12,12,12,12,43,11,20,21,22,1,0,0,0,0,13,13,13,13,43,16,11,22,23,1,0,0,0,0,1,1,1,1,43,19,16,23,24,1,0,0,0,0,14,14,14,14,43,20,19,24,21,1,0,0,0,0,15,15,15,15,43,19,20,25,26,1,0,0,0,0,16,16,16,16],
    "uvs":[[0,0,0.0816423,1.09691,0.0785181,-0.0937838,0.918358,-0.0969081,0.921482,1.09378]],
    "normals":[-1,0,0,0,-0,-1,0,1,-0,1,6.80631e-09,-2.02073e-16,0,4.14366e-08,1,0.921722,-0.387852,0,-0.921722,-0.387852,0,-0,-0.387852,-0.921722,0,-0.387852,0.921722,1,0,0,-1,-0,0,0,-4.49121e-08,-1,0,4.49121e-08,1,0,-4.27929e-08,-1,0,-4.27929e-08,-1,0,0,-1,0,-1,5.93781e-08]
}