{
    "faces":[33,53,44,3,13,0,0,0,0,33,54,45,21,2,1,1,1,1,33,45,46,20,21,1,1,1,1,33,46,47,19,20,1,1,1,1,33,47,48,18,19,2,2,2,2,33,48,49,17,18,1,1,1,1,33,49,50,16,17,1,1,1,1,33,50,51,15,16,0,0,0,0,33,51,52,14,15,1,1,1,1,33,52,53,13,14,3,3,3,3,33,11,12,32,31,4,4,4,4,33,10,11,31,30,0,0,0,0,33,9,10,30,29,1,1,1,1,33,8,9,29,28,5,5,5,5,33,7,8,28,27,5,5,5,5,33,6,7,27,26,1,1,1,1,33,5,6,26,25,1,1,1,1,33,4,5,25,24,1,1,1,1,33,0,4,24,22,1,1,1,1,33,12,1,23,32,1,1,1,1,33,31,32,42,41,4,4,4,4,33,59,47,91,90,6,6,6,6,33,29,30,40,39,0,0,0,0,33,24,25,72,73,7,7,7,7,33,27,28,38,37,4,4,4,4,33,46,58,88,89,8,8,8,8,33,25,26,36,35,0,0,0,0,33,49,48,93,95,9,9,9,9,33,22,24,34,43,0,0,0,0,33,42,32,75,85,10,10,10,10,33,57,45,87,86,11,11,11,11,33,63,64,52,51,0,0,0,0,33,26,27,70,71,7,7,7,7,33,61,62,50,49,1,1,1,1,33,64,65,102,100,12,12,12,12,33,59,60,48,47,0,0,0,0,33,31,41,84,66,13,13,13,13,33,57,58,46,45,0,0,0,0,33,51,50,97,99,9,9,9,9,33,65,56,44,53,1,1,1,1,33,42,33,56,65,1,1,1,1,33,43,34,57,55,2,2,2,2,33,34,35,58,57,14,14,14,14,33,35,36,59,58,4,4,4,4,33,36,37,60,59,1,1,1,1,33,37,38,61,60,4,4,4,4,33,38,39,62,61,4,4,4,4,33,39,40,63,62,0,0,0,0,33,40,41,64,63,4,4,4,4,33,41,42,65,64,4,4,4,4,33,67,66,84,83,15,15,15,15,33,69,68,82,81,16,16,16,16,33,71,70,80,79,16,16,16,16,33,73,72,78,77,17,17,17,17,33,75,74,76,85,17,17,17,17,33,100,102,103,101,18,18,18,18,33,96,98,99,97,18,18,18,18,33,92,94,95,93,18,18,18,18,33,88,90,91,89,18,18,18,18,33,105,86,87,104,19,19,19,19,33,47,46,89,91,9,9,9,9,33,48,60,92,93,8,8,8,8,33,41,40,83,84,20,20,20,20,33,32,23,74,75,7,7,7,7,33,61,49,95,94,6,6,6,6,33,45,54,104,87,9,9,9,9,33,23,33,76,74,11,11,11,11,33,50,62,96,97,8,8,8,8,33,55,57,86,105,21,21,21,21,33,39,38,81,82,22,22,22,22,33,34,24,73,77,23,23,23,23,33,63,51,99,98,6,6,6,6,33,54,55,105,104,10,10,10,10,33,25,35,78,72,24,24,24,24,33,52,64,100,101,10,10,10,10,33,58,59,90,88,21,21,21,21,33,37,36,79,80,20,20,20,20,33,36,26,71,79,25,25,25,25,33,65,53,103,102,26,26,26,26,33,27,37,80,70,27,27,27,27,33,60,61,94,92,21,21,21,21,33,30,31,66,67,7,7,7,7,33,35,34,77,78,20,20,20,20,33,38,28,69,81,28,28,28,28,33,53,52,101,103,9,9,9,9,33,29,39,82,68,27,27,27,27,33,62,63,98,96,21,21,21,21,33,28,29,68,69,7,7,7,7,33,33,42,85,76,20,20,20,20,33,40,30,67,83,25,25,25,25],
    "normals":[0,1,-4.37114e-08,0,1,-4.37114e-08,0,1,-4.37114e-08,0,1,-4.37114e-08,0,1,-4.37114e-08,0,1,-4.37114e-08,1,-8.2867e-15,-5.53282e-08,0,0,1,-1,8.2867e-15,5.53282e-08,0,-0,-1,-1,-0,0,1,0,0,0,3.74434e-08,1,1,0,-1.23783e-07,0,1,-4.37114e-08,0,1,-6.18916e-08,0,1,-6.18916e-08,0,1,-6.18916e-08,0,1,-5.53282e-08,0,1,-5.53282e-08,0,-3.74434e-08,-1,0,3.74434e-08,1,0,-3.74434e-08,-1,-1,0,1.23783e-07,1,0,-6.18916e-08,-1,0,6.18916e-08,1,-1.65734e-14,-1.10656e-07,1,0,-3.09458e-08,-1,0,5.41551e-08],
    "vertices":[-0.2,8.74228e-09,0.2,0.2,8.74228e-09,0.2,-0.2,-8.74228e-09,-0.2,0.2,-8.74228e-09,-0.2,-0.152762,8.74228e-09,0.2,-0.112762,8.74228e-09,0.2,-0.0727621,8.74228e-09,0.2,-0.0327621,8.74228e-09,0.2,0.00723788,8.74228e-09,0.2,0.0472379,8.74228e-09,0.2,0.0872379,8.74228e-09,0.2,0.127238,8.74228e-09,0.2,0.167238,8.74228e-09,0.2,0.167238,-8.74228e-09,-0.2,0.127238,-8.74228e-09,-0.2,0.0872379,-8.74228e-09,-0.2,0.0472379,-8.74228e-09,-0.2,0.00723786,-8.74228e-09,-0.2,-0.0327621,-8.74228e-09,-0.2,-0.0727621,-8.74228e-09,-0.2,-0.112762,-8.74228e-09,-0.2,-0.152762,-8.74228e-09,-0.2,-0.2,6.54e-09,0.149618,0.2,6.54e-09,0.149618,-0.152762,6.54e-09,0.149618,-0.112762,6.54e-09,0.149618,-0.0727621,6.54e-09,0.149618,-0.0327621,6.54e-09,0.149618,0.00723788,6.54e-09,0.149618,0.0472379,6.54e-09,0.149618,0.0872379,6.54e-09,0.149618,0.127238,6.54e-09,0.149618,0.167238,6.54e-09,0.149618,0.2,1.27797e-09,0.0292366,-0.152762,1.27797e-09,0.0292366,-0.112762,1.27797e-09,0.0292366,-0.0727621,1.27797e-09,0.0292366,-0.0327621,1.27797e-09,0.0292366,0.00723787,1.27797e-09,0.0292366,0.0472379,1.27797e-09,0.0292366,0.0872379,1.27797e-09,0.0292366,0.127238,1.27797e-09,0.0292366,0.167238,1.27797e-09,0.0292366,-0.2,1.27797e-09,0.0292366,0.2,-6.77191e-09,-0.154923,-0.152762,-6.77191e-09,-0.154923,-0.112762,-6.77191e-09,-0.154923,-0.0727621,-6.77191e-09,-0.154923,-0.0327621,-6.77191e-09,-0.154923,0.00723786,-6.77191e-09,-0.154923,0.0472379,-6.77191e-09,-0.154923,0.0872379,-6.77191e-09,-0.154923,0.127238,-6.77191e-09,-0.154923,0.167238,-6.77191e-09,-0.154923,-0.2,-6.77191e-09,-0.154923,-0.2,-8.85661e-10,-0.0202616,0.2,-8.85661e-10,-0.0202616,-0.152762,-8.85661e-10,-0.0202616,-0.112762,-8.85661e-10,-0.0202616,-0.0727621,-8.85661e-10,-0.0202616,-0.0327621,-8.85661e-10,-0.0202616,0.00723787,-8.85661e-10,-0.0202616,0.0472379,-8.85661e-10,-0.0202616,0.0872379,-8.85661e-10,-0.0202616,0.127238,-8.85661e-10,-0.0202616,0.167238,-8.85661e-10,-0.0202616,0.127238,0.0497456,0.149618,0.0872379,0.0497456,0.149618,0.0472379,0.0497456,0.149618,0.00723788,0.0497456,0.149618,-0.0327621,0.0497456,0.149618,-0.0727621,0.0497456,0.149618,-0.112762,0.0497456,0.149618,-0.152762,0.0497456,0.149618,0.2,0.0497456,0.149618,0.167238,0.0497456,0.149618,0.2,0.0497456,0.0292366,-0.152762,0.0497456,0.0292366,-0.112762,0.0497456,0.0292366,-0.0727621,0.0497456,0.0292366,-0.0327621,0.0497456,0.0292366,0.00723787,0.0497456,0.0292366,0.0472379,0.0497456,0.0292366,0.0872379,0.0497456,0.0292366,0.127238,0.0497456,0.0292366,0.167238,0.0497456,0.0292366,-0.152762,0.0497456,-0.0202616,-0.152762,0.0497456,-0.154923,-0.112762,0.0497456,-0.0202616,-0.112762,0.0497456,-0.154923,-0.0727621,0.0497456,-0.0202616,-0.0727621,0.0497456,-0.154923,-0.0327621,0.0497456,-0.0202616,-0.0327621,0.0497456,-0.154923,0.00723787,0.0497456,-0.0202616,0.00723786,0.0497456,-0.154923,0.0472379,0.0497456,-0.0202616,0.0472379,0.0497456,-0.154923,0.0872379,0.0497456,-0.0202616,0.0872379,0.0497456,-0.154923,0.127238,0.0497456,-0.0202616,0.127238,0.0497456,-0.154923,0.167238,0.0497456,-0.0202616,0.167238,0.0497456,-0.154923,-0.2,0.0497456,-0.154923,-0.2,0.0497456,-0.0202616],
    "uvs":[],
    "metadata":{
        "type":"Geometry",
        "normals":29,
        "faces":90,
        "generator":"io_three",
        "version":3,
        "vertices":106,
        "uvs":0
    }
}