{
    "faces":[33,7,4,8,11,0,0,0,0,33,2,0,5,4,1,1,1,1,33,0,1,6,5,2,2,2,2,33,7,6,1,3,1,1,1,1,33,4,7,3,2,2,2,2,2,33,10,11,19,18,3,3,3,3,33,5,6,10,9,0,0,0,0,33,6,7,11,10,0,0,0,0,33,4,5,9,8,0,0,0,0,33,15,12,24,27,4,4,4,4,33,8,9,17,16,5,5,5,5,33,11,8,16,19,6,6,6,6,33,9,10,18,17,7,7,7,7,33,13,12,16,17,8,8,8,8,33,14,13,17,18,9,9,9,9,33,15,14,18,19,9,9,9,9,33,12,15,19,16,10,10,10,10,33,23,20,32,35,11,11,11,11,33,13,14,26,25,12,12,12,12,33,14,15,27,26,13,13,13,13,33,12,13,25,24,14,14,14,14,33,21,20,24,25,8,8,8,8,33,22,21,25,26,9,9,9,9,33,23,22,26,27,9,9,9,9,33,20,23,27,24,10,10,10,10,32,30,31,36,15,15,15,33,21,22,34,33,16,16,16,16,33,22,23,35,34,13,13,13,13,33,20,21,33,32,14,14,14,14,33,29,28,32,33,17,17,17,17,33,30,29,33,34,18,18,18,18,33,31,30,34,35,18,18,18,18,33,28,31,35,32,19,19,19,19,32,28,29,36,20,20,20,32,31,28,36,21,21,21,32,29,30,36,22,22,22],
    "normals":[0,0,0,0,1,-4.37114e-08,0,1,-4.37114e-08,1,0,0,0,-6.993e-08,-1,-1,-0,0,0,-3.85386e-08,-1,0,3.85386e-08,1,-0,1,0,0,1,0,0,1,-0,0,-2.55727e-08,-1,0,6.993e-08,1,1,0,0,-1,-0,0,0.99637,0.0851273,-0,0,2.55727e-08,1,-0,1,0,0,1,0,0,1,-0,-0.99637,0.0851273,0,0,0.0851273,-0.99637,0,0.0851274,0.99637],
    "vertices":[-0.2,8.74228e-09,0.2,0.2,8.74228e-09,0.2,-0.2,-8.74228e-09,-0.2,0.2,-8.74228e-09,-0.2,-0.180077,-7.8714e-09,-0.180077,-0.180077,7.8714e-09,0.180077,0.180077,7.8714e-09,0.180077,0.180077,-7.8714e-09,-0.180077,-0.180077,-7.8714e-09,-0.180077,-0.180077,7.8714e-09,0.180077,0.180077,7.8714e-09,0.180077,0.180077,-7.8714e-09,-0.180077,-0.132944,0.773312,-0.132944,-0.132944,0.773312,0.132944,0.132944,0.773312,0.132944,0.132944,0.773312,-0.132944,-0.180077,0.773312,-0.180077,-0.180077,0.773312,0.180077,0.180077,0.773312,0.180077,0.180077,0.773312,-0.180077,-0.0926256,0.986399,-0.0926256,-0.0926256,0.986399,0.0926255,0.0926256,0.986399,0.0926255,0.0926256,0.986399,-0.0926256,-0.132944,0.986399,-0.132944,-0.132944,0.986399,0.132944,0.132944,0.986399,0.132944,0.132944,0.986399,-0.132944,-0.0302394,1.27775,-0.0302394,-0.0302394,1.27775,0.0302393,0.0302394,1.27775,0.0302393,0.0302394,1.27775,-0.0302394,-0.0926256,1.27775,-0.0926256,-0.0926256,1.27775,0.0926255,0.0926256,1.27775,0.0926255,0.0926256,1.27775,-0.0926256,4.65661e-10,1.63168,-7.13231e-08],
    "uvs":[],
    "metadata":{
        "type":"Geometry",
        "normals":23,
        "faces":36,
        "generator":"io_three",
        "version":3,
        "vertices":37,
        "uvs":0
    }
}