{
    "faces":[33,22,21,14,15,0,0,0,0,33,0,2,4,5,1,1,1,1,33,1,0,5,6,2,2,2,2,32,6,32,33,3,3,3,32,33,34,35,4,4,4,32,3,1,6,5,5,5,32,6,33,35,6,6,6,32,35,7,3,7,7,7,32,6,35,3,8,8,8,33,7,4,2,3,2,2,2,2,33,11,10,18,19,9,9,9,9,33,26,25,12,13,10,10,10,10,33,25,22,15,12,11,11,11,11,33,21,26,13,14,12,12,12,12,33,8,9,13,12,13,13,13,13,33,9,10,14,13,14,14,14,14,33,10,11,15,14,15,15,15,15,33,11,8,12,15,16,16,16,16,33,16,19,18,17,16,16,16,16,33,9,8,16,17,17,17,17,17,33,8,11,19,16,18,18,18,18,33,10,9,17,18,19,19,19,19,32,40,6,5,20,20,20,32,5,27,20,21,21,21,32,43,42,41,22,22,22,32,5,20,43,23,23,23,32,41,40,5,20,20,20,32,5,43,41,20,20,20,33,20,27,26,21,24,24,24,24,32,24,4,7,25,25,25,32,39,38,37,22,22,22,32,24,7,39,26,26,26,32,36,23,24,26,26,26,32,24,39,37,26,26,26,32,37,36,24,26,26,26,33,24,23,22,25,27,27,27,27,33,5,4,24,27,28,28,28,28,33,27,24,25,26,10,10,10,10,33,63,43,20,44,29,29,29,29,33,22,23,31,30,30,30,30,30,33,31,28,29,30,31,31,31,31,32,31,23,47,32,32,32,32,47,46,45,33,33,33,32,44,20,28,32,32,32,32,31,47,45,34,34,34,32,45,44,28,32,32,32,32,45,28,31,35,35,35,33,20,21,29,28,36,36,36,36,33,21,22,30,29,37,37,37,37,33,36,51,47,23,38,38,38,38,33,51,55,46,47,39,39,39,39,33,55,59,45,46,40,40,40,40,33,59,63,44,45,38,38,38,38,33,7,35,48,39,41,41,41,41,33,39,48,49,38,41,41,41,41,33,38,49,50,37,42,42,42,42,33,37,50,51,36,38,38,38,38,33,35,34,52,48,43,43,43,43,33,48,52,53,49,44,44,44,44,33,49,53,54,50,38,38,38,38,33,50,54,55,51,45,45,45,45,33,54,53,67,68,46,46,46,46,33,33,56,70,64,47,47,47,47,33,58,59,73,72,48,48,48,48,33,59,55,69,73,49,49,49,49,33,33,32,60,56,50,50,50,50,33,56,60,61,57,51,51,51,51,33,57,61,62,58,45,45,45,45,33,58,62,63,59,52,52,52,52,33,32,6,40,60,42,42,42,42,33,60,40,41,61,53,53,53,53,33,61,41,42,62,54,54,54,54,33,62,42,43,63,55,55,55,55,33,65,64,70,66,44,44,44,44,33,66,70,71,67,56,56,56,56,33,67,71,72,68,43,43,43,43,33,68,72,73,69,44,44,44,44,33,56,57,71,70,57,57,57,57,33,55,54,68,69,46,46,46,46,33,52,34,65,66,46,46,46,46,33,57,58,72,71,47,47,47,47,33,34,33,64,65,1,1,1,1,33,53,52,66,67,46,46,46,46],
    "normals":[0.845065,-3.54086e-08,-0.534664,0,-1,4.37114e-08,6.25757e-16,-1,4.37114e-08,-2.98023e-08,-1,5.96046e-08,0,0,-1,0,-1,4.37114e-08,5.96046e-08,-1,5.96046e-08,-6.3218e-16,-1,4.37114e-08,-2.52872e-15,-1,4.37114e-08,-0.845065,1.11718e-06,0.534664,-0.845065,0,0.534664,-0.507926,-5.30002e-08,-0.861401,0.507926,5.30002e-08,0.861401,0,-1,-0,-0,-1,-0,-0,-1,0,0,-1,0,0.845065,0,-0.534664,0.507926,5.4943e-07,0.861401,-0.507926,-2.74715e-07,-0.861401,0.507926,0,0.861401,0.507926,-0,0.861401,0,0,0,0.507926,3.73192e-07,0.8614,0.507926,0,0.861401,-0.507926,-7.46385e-08,-0.861401,-0.507926,0,-0.861401,-0.507926,0,-0.861401,-0.845065,0,0.534664,0.845065,-1.01561e-07,-0.534664,-0.534664,0,-0.845065,0.845065,0,-0.534664,0,1,0,0.616446,0.684017,-0.39002,-7.06861e-08,1,-2.14157e-08,2.06894e-08,1,-3.95452e-08,0.534664,0,0.845065,1.19532e-08,-1,1.88926e-08,0.845065,0,-0.534664,0.845065,-2.03123e-07,-0.534664,0.845065,-1.01561e-07,-0.534664,0.845065,0,-0.534664,0.845065,0,-0.534664,0.845065,0,-0.534664,0.845065,0,-0.534664,0.845065,0,-0.534664,0.534664,0,0.845065,-0.534664,0,-0.845065,-0.534664,-9.02404e-08,-0.845065,-0,1,0,0.845065,0,-0.534664,0.845065,-1.01561e-07,-0.534664,0.845065,-1.01561e-07,-0.534664,0.845065,-1.01561e-07,-0.534664,0.845064,0,-0.534664,0.845065,0,-0.534664,0.845065,-1.01561e-07,-0.534664,-0.534664,-9.02404e-08,-0.845065],
    "vertices":[-0.2,8.74228e-09,0.2,0.2,8.74228e-09,0.2,-0.2,-8.74228e-09,-0.2,0.2,-8.74228e-09,-0.2,-0.184987,-3.68358e-09,-0.0842704,-0.00680253,8.62685e-09,0.197359,0.184987,3.68358e-09,0.0842704,0.00680253,-8.62685e-09,-0.197359,-0.132758,-0.257961,-0.0506263,-0.0124679,-0.257961,0.139498,0.0860476,-0.257961,0.0814085,-0.0342424,-0.257961,-0.108716,-0.184987,-0.257961,-0.0842704,-0.00680253,-0.257961,0.197359,0.184987,-0.257961,0.0842704,0.00680253,-0.257961,-0.197359,-0.132758,-0.25055,-0.0506263,-0.0124679,-0.25055,0.139498,0.0860476,-0.25055,0.0814085,-0.0342424,-0.25055,-0.108716,0.184987,-0.085987,0.0842704,0.184987,-0.100115,0.0842704,0.00680253,-0.100115,-0.197359,0.00680253,-0.085987,-0.197359,-0.184987,-0.085987,-0.0842704,-0.184987,-0.100115,-0.0842704,-0.00680253,-0.100115,0.197359,-0.00680253,-0.085987,0.197359,0.250187,-0.085987,0.0430192,0.250187,-0.100115,0.0430192,0.0720022,-0.100115,-0.238611,0.0720022,-0.085987,-0.238611,0.14935,1.22149e-09,0.0279444,0.113713,-1.24059e-09,-0.0283815,0.0780763,-3.70268e-09,-0.0847074,0.0424394,-6.16476e-09,-0.141033,0.00680253,-0.0687896,-0.197359,0.00680253,-0.0515922,-0.197359,0.00680253,-0.0343948,-0.197359,0.00680253,-0.0171974,-0.197359,0.184987,-0.0171974,0.0842704,0.184987,-0.0343948,0.0842704,0.184987,-0.0515922,0.0842704,0.184987,-0.0687896,0.0842704,0.14935,-0.085987,0.0279444,0.113713,-0.085987,-0.0283815,0.0780763,-0.085987,-0.0847074,0.0424394,-0.085987,-0.141033,0.0424394,-0.0171974,-0.141033,0.0424394,-0.0343948,-0.141033,0.0424394,-0.0515922,-0.141033,0.0424394,-0.0687896,-0.141033,0.0780763,-0.0171974,-0.0847074,0.0780763,-0.0343948,-0.0847074,0.0780763,-0.0515922,-0.0847074,0.0780763,-0.0687896,-0.0847074,0.113713,-0.0171974,-0.0283815,0.113713,-0.0343948,-0.0283815,0.113713,-0.0515922,-0.0283815,0.113713,-0.0687896,-0.0283815,0.14935,-0.0171974,0.0279444,0.14935,-0.0343948,0.0279444,0.14935,-0.0515922,0.0279444,0.14935,-0.0687896,0.0279444,0.0978651,-8.02304e-10,-0.0183546,0.0622282,-3.26439e-09,-0.0746805,0.0622282,-0.0171974,-0.0746805,0.0622282,-0.0343948,-0.0746805,0.0622282,-0.0515922,-0.0746805,0.0622282,-0.0687896,-0.0746805,0.0978651,-0.0171974,-0.0183546,0.0978651,-0.0343948,-0.0183546,0.0978651,-0.0515922,-0.0183546,0.0978651,-0.0687896,-0.0183546],
    "uvs":[],
    "metadata":{
        "type":"Geometry",
        "normals":58,
        "faces":83,
        "generator":"io_three",
        "version":3,
        "vertices":74,
        "uvs":0
    }
}