{
    "faces":[33,33,34,40,39,0,0,0,0,33,8,10,13,12,1,1,1,1,33,4,0,7,6,2,2,2,2,33,0,17,14,7,3,3,3,3,33,10,8,1,5,2,2,2,2,33,18,10,5,36,4,4,4,4,33,24,12,13,23,5,5,5,5,33,14,8,12,24,6,6,6,6,33,18,6,21,23,7,7,7,7,33,6,7,22,21,8,8,8,8,33,10,18,23,13,9,9,9,9,33,7,14,24,22,6,6,6,6,33,11,19,56,54,10,10,10,10,33,6,18,36,4,4,4,4,4,33,8,14,17,1,11,11,11,11,33,35,31,44,41,12,12,12,12,33,11,9,21,22,13,13,13,13,33,9,20,23,21,14,14,14,14,33,19,11,22,24,15,15,15,15,33,20,19,24,23,16,16,16,16,33,65,60,27,62,17,17,17,17,33,9,11,54,53,8,8,8,8,33,19,20,55,56,1,1,1,1,33,20,9,53,55,18,18,18,18,33,30,29,5,3,19,19,19,19,33,32,30,3,15,20,20,20,20,33,29,16,36,5,20,20,20,20,33,16,32,15,36,21,21,21,21,33,34,33,15,2,22,22,22,22,33,35,34,2,4,2,2,2,2,33,31,35,4,36,4,4,4,4,33,33,31,36,15,2,2,2,2,33,38,42,50,46,23,23,23,23,33,42,43,51,50,8,8,8,8,33,16,29,37,43,24,24,24,24,33,31,33,39,44,25,25,25,25,33,34,35,41,40,26,26,26,26,33,29,30,38,37,27,27,27,27,33,30,32,42,38,28,28,28,28,33,32,16,43,42,29,29,29,29,33,51,45,46,50,17,17,17,17,33,49,52,47,48,17,17,17,17,33,39,40,48,47,30,30,30,30,33,41,44,52,49,31,31,31,31,33,43,37,45,51,6,6,6,6,33,40,41,49,48,8,8,8,8,33,37,38,46,45,1,1,1,1,33,44,39,47,52,1,1,1,1,32,54,26,64,32,32,32,32,64,63,53,15,15,15,32,64,53,54,33,33,33,32,53,63,62,15,15,15,32,62,27,55,15,15,15,32,62,55,53,14,14,14,32,56,28,59,34,34,34,32,59,26,54,35,35,35,32,59,54,56,35,35,35,32,55,27,60,15,15,15,32,60,28,56,36,36,36,32,60,56,55,37,37,37,33,25,57,68,67,8,8,8,8,33,26,59,65,64,17,17,17,17,33,60,65,73,72,23,23,23,23,33,25,58,62,63,17,17,17,17,33,57,25,63,64,38,38,38,38,33,58,61,65,62,15,15,15,15,33,61,57,64,65,15,15,15,15,33,68,69,66,67,17,17,17,17,33,61,58,66,69,1,1,1,1,33,58,25,67,66,23,23,23,23,33,57,61,69,68,6,6,6,6,33,70,71,72,73,17,17,17,17,33,59,28,71,70,6,6,6,6,33,65,59,70,73,39,39,39,39,33,28,60,72,71,1,1,1,1],
    "normals":[0,0.201942,-0.979398,1,0,0,0,1,-4.37114e-08,0,1,-4.37114e-08,0,1,-4.37114e-08,0,1,-4.07413e-08,0,0,1,0,-4.18216e-08,-1,-1,-0,0,0,-4.18216e-08,-1,0,1.89695e-07,1,0,1,-4.37114e-08,0,0.201942,0.979397,0,1,-4.48407e-08,0,1,-0,0,1,0,0,1,-4.48407e-08,0,1,-0,0,-2.37119e-08,-1,-1.90155e-14,1,-4.37114e-08,0,1,-4.37114e-08,1.90155e-14,1,-4.37114e-08,0,1,-4.37114e-08,0,-0,-1,0,0.193412,0.981118,0.976263,0.216589,0,-0.976263,0.216589,0,0.982634,0.185552,0,0,0.193412,-0.981118,-0.982634,0.185552,0,0,-0,-1,0,0,1,3.68379e-07,1,-0,1.8419e-07,1,-9.97144e-08,0,1,-3.68379e-07,0,1,-3.68379e-07,-3.68379e-07,1,0,-1.8419e-07,1,-9.97144e-08,-0,1,0,-1,0,2.17417e-07],
    "vertices":[-0.2,8.74228e-09,0.2,0.2,8.74228e-09,0.2,-0.2,-8.74228e-09,-0.2,0.2,-8.74228e-09,-0.2,-0.2,-1.25677e-10,-0.00287517,0.2,-1.25677e-10,-0.00287517,-0.19,3.11436e-10,0.00712483,-0.19,8.30516e-09,0.19,0.19,8.30516e-09,0.19,-0.173282,0.111345,0.0238432,0.19,3.11436e-10,0.00712483,-0.173282,0.111345,0.173282,0.19,0.111345,0.19,0.19,0.111345,0.00712483,0.00932832,8.30516e-09,0.19,0.00981929,-8.74228e-09,-0.2,0.0259481,-8.30692e-10,-0.019004,0.00981929,8.74228e-09,0.2,0.00932832,3.11436e-10,0.00712483,-0.00739004,0.111345,0.173282,-0.00739004,0.111345,0.0238432,-0.19,0.111345,0.00712483,-0.19,0.111345,0.19,0.00932832,0.111345,0.00712483,0.00932832,0.111345,0.19,-0.125611,0.189898,0.071514,-0.132831,0.189898,0.132831,-0.0478406,0.189898,0.0642938,-0.0478406,0.189898,0.132831,0.183871,-8.30692e-10,-0.019004,0.183871,-8.03726e-09,-0.183871,-0.00520026,-7.82203e-10,-0.0178947,0.0259481,-8.03726e-09,-0.183871,-0.00520026,-8.08575e-09,-0.18498,-0.18498,-8.08575e-09,-0.18498,-0.18498,-7.82203e-10,-0.0178947,0.00981929,-1.25677e-10,-0.00287517,0.127942,0.296184,-0.077392,0.127942,0.296184,-0.125483,-0.0709101,0.296184,-0.12391,-0.119271,0.296184,-0.12391,-0.119271,0.296184,-0.0789648,0.0818768,0.296184,-0.125483,0.0818768,0.296184,-0.077392,-0.0709101,0.296184,-0.0789648,0.127942,0.356635,-0.077392,0.127942,0.356635,-0.125483,-0.0709101,0.356635,-0.12391,-0.119271,0.356635,-0.12391,-0.119271,0.356635,-0.0789648,0.0818768,0.356635,-0.125483,0.0818768,0.356635,-0.077392,-0.0709101,0.356635,-0.0789648,-0.173282,0.189898,0.0238432,-0.173282,0.189898,0.173282,-0.00739004,0.189898,0.0238432,-0.00739004,0.189898,0.173282,-0.125611,0.189898,0.0913421,-0.0975561,0.189898,0.071514,-0.0903358,0.189898,0.132831,-0.0478406,0.189898,0.0985624,-0.0975561,0.189898,0.0913421,-0.0903358,0.189898,0.0642938,-0.132831,0.189898,0.0642938,-0.132831,0.189898,0.0985624,-0.0903358,0.189898,0.0985624,-0.0975561,0.225944,0.071514,-0.125611,0.225944,0.071514,-0.125611,0.225944,0.0913421,-0.0975561,0.225944,0.0913421,-0.0903358,0.216904,0.132831,-0.0478406,0.216904,0.132831,-0.0478406,0.216904,0.0985624,-0.0903358,0.216904,0.0985624],
    "uvs":[],
    "metadata":{
        "type":"Geometry",
        "normals":40,
        "faces":75,
        "generator":"io_three",
        "version":3,
        "vertices":74,
        "uvs":0
    }
}